womenmaturepics.com,ok
woodstockreborn.tumblr.com,timed_out
wordpress.com,ok
world-free4u.xyz,ok
world4file.biz,host_not_found
world4free.pk,host_not_found
world4freein.com,timed_out
world4freeu.co.in,ok
world4freeus.co.in,ok
world4freeus.org,host_not_found
world4ufree.in,timed_out
world4ufree.info,ok
world4ufree.mx,host_not_found
world4ufree.nl,timed_out
world4ufree.one,timed_out
world4ufree.org,ok
world4ufree.pw,ok
world4ufree.ws,ok
world4uhub.com,host_not_found
worldfile.biz,ok
worldfilms4u.com,ok
worldfree2u.com,timed_out
worldfree4.co,timed_out
worldfree4.org,ok
worldfree4u-movies.in,ok
worldfree4u.blog,ok
worldfree4u.cool,ok
worldfree4u.ind.in,ok
worldfree4u.info,ok
worldfree4u.life,ok
worldfree4u.store,ok
worldfree4u.tech,host_not_found
worldfree4u.tips,host_not_found
worldfree4u.trade,ok
worldfree4uk.com,timed_out
worldfree4umovie.in,ok
worldfree4unew.com,ok
worldfree4uz.info,ok
worldfree4you.in,timed_out
worldhere4u.com,ok
worldmoviez.info,host_not_found
worldsfree4u.tk,host_not_found
worldtamiltube.com,ok
worldwidetorrents.eu,ok
wowcyprus.tv,host_not_found
wp.okyplay.top,host_not_found
wracurlopec.wordpress.com,ok
wrmovies.net,host_not_found
wszhibo.com,host_not_found
ww.tamil-sex-movies.net,ok
ww.www.watch24free.online,ok
ww12.highquality.co,host_not_found
www.0dian8.com,ok
www.0eb.net,ok
www.1.livecricfun.com,ok
www.10pointz.com,ok
www.114nba.com,host_not_found
www.123freemovie.info,ok
www.123moviehd.online,ok
www.1337x.cm,ok
www.1337x.com,ok
www.1337x.to,ok
www.143torrent.com,ok
www.1live.tv,ok
www.1tvlive.in,host_not_found
www.1tvstream.com,host_not_found
www.24fullmovies.online,ok
www.24livestreamtv.com,timed_out
www.2downloadz.com,ok
www.300mb.in,host_not_found
www.300mbdownload.in,host_not_found
www.300mbdownload.net,ok
www.300mbmkvmovies.com,timed_out
www.30plusgirls.com,ok
www.30yomilf.com,ok
www.365indian.com,timed_out
www.3dstreaming.it,ok
www.3dstreaming.org,ok
www.3gparena.in,host_not_found
www.3gpmobilemovies.com,ok
www.3gpmobilesmovie.in,host_not_found
www.3gpmovies.org,host_not_found
www.3movs.com,ok
www.3xasianmovies.com,host_not_found
www.3xindianmovies.com,ok
www.3xindiansex.com,host_not_found
www.40somethingmag.com,timed_out
www.4kfreemovie.com,ok
www.500mbdownload.com,ok
www.500mbdownload.in,ok
www.50ngspklol.com,host_not_found
www.52waha.com,ok
www.5tv.co,timed_out
www.60kmovies.com,host_not_found
www.69rueporno.com,host_not_found
www.7feel.net,ok
www.89.com,ok
www.8nsex.com,ok
www.99hdfilms.com,ok
www.99rmovies.tk,host_not_found
www.a2livetv.com,ok
www.a2zstream.com,ok
www.abitv.com,timed_out
www.acricket.com,timed_out
www.adult-gals.com,ok
www.adultesextube.com,host_not_found
www.adultphonechatlines.co.uk,ok
www.adultpornvideox.com,timed_out
www.adultreviews.com,ok
www.aflamonlinee.orp.,host_not_found
www.agedcunts.net,ok
www.agedmamas.com,ok
www.ah-me.com,ok
www.ahmedateeqzia.top,host_not_found
www.alexa.com,ok
www.alexmatures.com,ok
www.all-free-nude-old-granny-mature-women-xxx-porn-pics.com,timed_out
www.allindiansex.com,ok
www.allindiasongs.com,ok
www.alloldpics.com,ok
www.alluc.ee,ok
www.alohatube.com,ok
www.amateur-indian-girls.com,host_not_found
www.amateurs-libertins.net,host_not_found
www.amazingmaturesluts.com,ok
www.analsexstars.com,ok
www.angelsofindia.com,timed_out
www.antarvasna.com,ok
www.antarvasnavideos.com,ok
www.antenasport.com,ok
www.antibookers.ru,ok
www.apnadesishow.com,ok
www.apnetv.pk,host_not_found
www.apyxnh.com,ok
www.arabe-sexy.com,host_not_found
www.arabebaise.com,host_not_found
www.arabesexy.com,ok
www.arabexposed.com,ok
www.arabloads.net,ok
www.ashleyrnadison.com,ok
www.asiatique-femme.com,ok
www.askyourmommy.com,ok
www.ass-butt.com,host_not_found
www.ass4all.com,timed_out
www.assistirtvonlineaovivo.tv,host_not_found
www.astream.tv,ok
www.atdhe.fm,ok
www.atdhe24.net,ok
www.athirady.com,ok
www.atozfreemoviesonline.org,host_not_found
www.auroravid.to,ok
www.azgals.com,ok
www.azhibo.com,ok
www.aztecaporno.com,timed_out
www.babes.com,ok
www.babosas.com,ok
www.bangmyindianwife.com,timed_out
www.barstoolsports.com,timed_out
www.bbc.co.uk,ok
www.bbwpornpics.com,ok
www.bcric.com,timed_out
www.bdixmedia.in,ok
www.bdlivezone.com,ok
www.bdmusic2.com,ok
www.bdtvlive.com,ok
www.beauxcul.com,ok
www.beeg.co,ok
www.beeltv.com,host_not_found
www.befuck.com,ok
www.beinsport-streaming.com,ok
www.beinsport-streaming.info,ok
www.bestfun.in,ok
www.bestmatureclips.com,ok
www.bestmilftube.com,ok
www.betfair.com,ok
www.beurettehot.net,host_not_found
www.bewafamohabbat.co.in,ok
www.bgmmovies.com,timed_out
www.bgmmovies.net,host_not_found
www.bigboobsalert.com,ok
www.bigbooty4free.com,ok
www.bigbuttmature.com,ok
www.bigcrictv.com,host_not_found
www.bigfreemature.com,ok
www.bigtinz.com,timed_out
www.bigtitsmilf.com,ok
www.bigtitsnaked.com,ok
www.bitvid.sx,ok
www.bizzzporno.com,host_not_found
www.blacktvlive.com,timed_out
www.blogster.com,ok
www.bolly-zone.me,timed_out
www.bolly2tolly.com,ok
www.bollymasala.org,host_not_found
www.bollyrulez.me,host_not_found
www.bollyrulez.tv,ok
www.bollywood-sex.net,ok
www.bollywoodhardcore.net,ok
www.bollywoodmoviesfull.me,host_not_found
www.bollywoodmoviesfull.org,host_not_found
www.bollywoodnudesex.net,ok
www.bollyzone.co,ok
www.bollyzone.me,ok
www.bongdatructuyen.vn,ok
www.bonporn.com,ok
www.bossiper.com,ok
www.bossmobi.com,ok
www.boutique-sexy.ch,host_not_found
www.bravomamas.com,ok
www.bravosis.com,host_not_found
www.bravoteens.com,ok
www.brazzers.com,ok
www.brazzersnetwork.com,ok
www.breeolson.com,ok
www.btloft.com,timed_out
www.btmon.com,timed_out
www.btscene.cc,host_not_found
www.bubblebuttpics.com,ok
www.bullporn.com,ok
www.bushypussies.net,ok
www.buzzwok.com,timed_out
www.callboyindia.com,ok
www.cam4.in,ok
www.casiowatches.online,host_not_found
www.cast247.tv,host_not_found
www.castalba.tv,ok
www.castok.com,ok
www.catedralhd.tk,host_not_found
www.cdn.livetv.sx,host_not_found
www.cerdas.com,ok
www.chabka.com,timed_out
www.chabka.net,host_not_found
www.chatgeo.com,ok
www.chayfile.com,ok
www.cheatwife.com,ok
www.chilimili.com,ok
www.chocomilf.com,ok
www.cholotube.com,ok
www.chosetorrent.com,ok
www.chubbygalls.com,ok
www.chubbygirlpics.com,ok
www.cindymovies.com,timed_out
www.cinevedika.com,ok
www.cinevedika.net,ok
www.classic-moms.com,ok
www.cleomature.com,ok
www.cliphunter.com,ok
www.clit7.com,ok
www.cloaktube.com,ok
www.cloudtime.to,timed_out
www.cloudy.ec,ok
www.cloudymovies.com,timed_out
www.cloudzilla.to,ok
www.clubzcity.net,host_not_found
www.cocomilfs.com,ok
www.collegehumor.com,ok
www.comicmasala.com,ok
www.complaintaboutbusiness.in,host_not_found
www.complaintboard.in,ok
www.conejox.com,ok
www.consumercomplaints.in,ok
www.consumercourt.in,ok
www.consumercourt.info,host_not_found
www.consumercourtforum.in,timed_out
www.consumerdaddy.com,ok
www.consumerforums.in,ok
www.consumerlaw.in,ok
www.coolmoviez.com,timed_out
www.coolsport.tv,host_not_found
www.couleurivoire.com,host_not_found
www.crazymovies.in,timed_out
www.crazyworld4u.tk,host_not_found
www.cric-live.co,ok
www.cric-tv.com,ok
www.cricalive.com,ok
www.cricexite.com,host_not_found
www.cricfree.eu,ok
www.cricfree.sx,ok
www.cricfree.tv,ok
www.crichd.be,timed_out
www.crichd.in,host_not_found
www.crichd.info,ok
www.crichd.org,timed_out
www.crichd.pk,host_not_found
www.crichd.tv,ok
www.crichomes.com,host_not_found
www.cricic.com,timed_out
www.cricket-365.info,timed_out
www.cricket-365.me,ok
www.cricket-365.tv,ok
www.cricket-tv.net,ok
www.cricket.golivesearch.com,host_not_found
www.cricket.hdcric.info,ok
www.cricket.livescores.pk,host_not_found
www.cricket247.tv,host_not_found
www.cricket24live.com,ok
www.cricketbook.info,timed_out
www.cricketcontrol.in,host_not_found
www.cricketembed.com,ok
www.cricketguru.tk,host_not_found
www.crickethighlights2.com,ok
www.cricketlive-tv.net,host_not_found
www.cricketlook.com,timed_out
www.cricketreligion.com,host_not_found
www.cricknock.com,ok
www.cricmelive.com,ok
www.cricmelive.tv,timed_out
www.cricontv.com,host_not_found
www.cricpass.net,ok
www.cricpk.com,host_not_found
www.cricpower.com,ok
www.cricstreaming.com,ok
www.crictime.be,ok
www.crictime.com,ok
www.crictime.livecricwatch.com,host_not_found
www.crictime.ws,ok
www.crictime1.in,ok
www.crictimelivecricket.com,ok
www.crictimes.in,timed_out
www.cricvid.com,ok
www.cricvid.in,host_not_found
www.cricvip.com,ok
www.cricwebtv.com,host_not_found
www.criketlivestream.com,host_not_found
www.crimaz.com,ok
www.crimazlive.com,ok
www.culosgratis.com.ve,host_not_found
www.culx.org,host_not_found
www.cumlouder.com,ok
www.cv55.eu,ok
www.d4dramas.com,ok
www.daago.info,host_not_found
www.dagay.com,ok
www.dailyfullmovies.online,host_not_found
www.dailymaza.com,timed_out
www.dailymotion.com,ok
www.dailymotion1.com,timed_out
www.dailymotionfullmovie.com,ok
www.dailyolders.com,ok
www.darering.com,ok
www.datafile.com,host_not_found
www.day.to,ok
www.demonoid.ooo,ok
www.demonoid.pw,timed_out
www.desi-amateurs.com,host_not_found
www.desi-tashan.co,ok
www.desi-tashan.ms,host_not_found
www.desifullmovie.com,ok
www.desikahani.net,ok
www.desikamasutra.com,ok
www.desipapa.com,ok
www.desirulez.me,ok
www.desirulez.space,host_not_found
www.desiruleztv.tv,host_not_found
www.desiseriais.online,host_not_found
www.desiseriais.org,host_not_found
www.desiseriais.tv,host_not_found
www.desiserials.cc,timed_out
www.desiserials.co,ok
www.desistreams.tv,timed_out
www.desistreem.com,ok
www.desitales.com,ok
www.desitorrents.com,ok
www.desitvbox.net,ok
www.desitvbox.online,ok
www.desitvboxtv.tv,host_not_found
www.deviantclip.com,ok
www.dhakamovie.com,ok
www.dianapost.com,ok
www.dianyingll.com,host_not_found
www.digitalipl.com,ok
www.digitalplayground.com,ok
www.disco-girls.com,ok
www.divstream.net,host_not_found
www.divxstage.to,ok
www.dj-maza.in,ok
www.djjohal.video,host_not_found
www.djjohalhd.org,ok
www.djmaza.cool,ok
www.djmazas.in,ok
www.djraag.com,timed_out
www.djziddi.com,ok
www.dl4tots.xyz,host_not_found
www.download-free-movie.co,host_not_found
www.downloadanyfree.com,timed_out
www.downloadfulltorrent.com,host_not_found
www.downloadhub.in,host_not_found
www.downloadmaar.com,ok
www.downloadminq.tv,host_not_found
www.downloadmovies.com.website,host_not_found
www.downloadmp3song.audio,host_not_found
www.downloadmp3song.info,host_not_found
www.downloadomovie.com,host_not_found
www.downloadrain.com,ok
www.downloadyaar.com,host_not_found
www.drakulastream.eu,ok
www.drakulastream.pw,ok
www.dreammovies.com,timed_out
www.drtuber.com,ok
www.dustyporn.com,ok
www.dvdmaza.net,host_not_found
www.easy1.top,host_not_found
www.ebonyfantasies.com,ok
www.ecoizumo.com,host_not_found
www.eeltube.com,ok
www.eetorrent.com,timed_out
www.efilmywap.com,ok
www.el-ladies.com,ok
www.elderly-women.com,ok
www.eloantv.com,ok
www.embed247.com,ok
www.embedcricket.com,ok
www.embedstream.com,host_not_found
www.embedvideo.to,host_not_found
www.emobly.com,ok
www.emoviesbox.net,host_not_found
www.empflix.com,ok
www.enjoyalltv.com,host_not_found
www.entertain24.net,ok
www.epicporntube.com,ok
www.eporner.com,ok
www.eromatures.net,ok
www.eros.com,ok
www.erotic-olders.com,ok
www.eroticbeauties.net,ok
www.eroticteens.pw,ok
www.esseporn.com,ok
www.eternaldesire.com,ok
www.eucast.tv,host_not_found
www.everydaycams.com,timed_out
www.exbii.com,ok
www.exdesi.com,ok
www.extracover.net,ok
www.extracover.pw,ok
www.extramovies.org,ok
www.exvideos.com,ok
www.ezcast.tv,timed_out
www.facebook.com,ok
www.fakku.net,ok
www.faltuwap.com,host_not_found
www.fancylive.com,ok
www.fancystreems.com,host_not_found
www.fancytvs.com,ok
www.fanslounge.tv,ok
www.fapto.xxx,host_not_found
www.fastcric.com,timed_out
www.faststream.in,ok
www.fatsexygirls.net,ok
www.feed2all.eu,host_not_found
www.feed4u.net,host_not_found
www.femdomempire.com,ok
www.femmesmuresx.net,host_not_found
www.femmesporno.com,host_not_found
www.fifaembed.com,ok
www.filedepth.com,ok
www.filepup.net,ok
www.filesbomb.in,ok
www.filesupload.org,ok
www.fille-nue-video.com,host_not_found
www.fillechaude.org,host_not_found
www.film-porno-black.com,host_not_found
www.film-xxx-black.com,host_not_found
www.filmlink.info,timed_out
www.filmlinks4u.to,ok
www.filmsmella.com,ok
www.filmxy.cc,ok
www.filmylife.in,ok
www.filmywatch.info,host_not_found
www.filmywrap.com,ok
www.filthymamas.com,ok
www.filthyoldies.com,ok
www.find-best-lingerie.com,ok
www.find-best-videos.com,ok
www.findeen.co.uk,ok
www.firstmovies2u.co,host_not_found
www.firstrow.ge,host_not_found
www.firstrowas.eu,host_not_found
www.firstrows.eu,ok
www.firstrowsports.ge,host_not_found
www.flashsx.tv,host_not_found
www.flashtv.co,ok
www.flashx.tv,timed_out
www.flirt4free.com,timed_out
www.flirthookup.com,ok
www.fllllmoviespoint.net,host_not_found
www.football.livescores.pk,host_not_found
www.footballembed.com,ok
www.footballhd.me,ok
www.footballstreaming.info,timed_out
www.footballstreaming.tv,ok
www.footcric.com,timed_out
www.footcric.net,ok
www.footyfree.tv,ok
www.footystream.tv,host_not_found
www.fotosmujeres.pibones.com,ok
www.free-porn-pics.net,ok
www.free.fr,ok
www.freebollywooddownload.com,ok
www.freecric.net,timed_out
www.freehdmovie123.com,host_not_found
www.freehosting.com,ok
www.freekiloclips.com,ok
www.freematurepornpics.com,ok
www.freematurevideo.net,host_not_found
www.freemilfpornpics.com,ok
www.freemilfsite.com,ok
www.freemovieonline.ch,host_not_found
www.freemovieonline.co,timed_out
www.freemovieonline.cx,host_not_found
www.freemovieonline.me,timed_out
www.freemovieonline.mn,host_not_found
www.freemovieonline.ws,ok
www.freemovieshd.in,ok
www.freemovieswatchonline.com,ok
www.freemovieswatchonline.net,ok
www.freemoviewatchs.com,ok
www.freemp4movies.com,ok
www.freeones.ch,timed_out
www.freeones.com,timed_out
www.freeporndr.com,ok
www.freshmaza.co,ok
www.freshmaza.mobi,ok
www.freshmaza.org,ok
www.fresholders.com,ok
www.freshporn.info,ok
www.fridaymovies.pro,host_not_found
www.fridaysource.com,host_not_found
www.frombar.com,ok
www.fromplay.info,host_not_found
www.fromplay.net,host_not_found
www.fromplay.org,host_not_found
www.fromplay.ovh,host_not_found
www.fuckcuck.com,ok
www.fucking8.com,ok
www.fuckmaturewhore.com,ok
www.full-movie.us,ok
www.full2entertain.com,ok
www.full4movie.com,ok
www.fulldesiserials.com,host_not_found
www.fullhdmoviesdownload.com,host_not_found
www.fullhindimovies.online,host_not_found
www.fullmovie-kolkata.com,ok
www.fullmovie1.in,ok
www.fullmovie25.com,host_not_found
www.fullmovie2in.co,host_not_found
www.fullmovie2in.eu,host_not_found
www.fullmovie2in.net,host_not_found
www.fullmovie2k.co,timed_out
www.fullmovie2k.in,host_not_found
www.fullmovie3k.com,timed_out
www.fullmovie8k.com,host_not_found
www.fullmoviedownload99.com,host_not_found
www.fullmoviehub.com,ok
www.fullmoviei.com,host_not_found
www.fullmoviek2.com,host_not_found
www.fullmoviepk.com,host_not_found
www.fullmovieq.com,host_not_found
www.fullmovierulz.in,host_not_found
www.fullmoviestoday.com,timed_out
www.fullmovietorrent.com,timed_out
www.fullrip.net,host_not_found
www.fullsportlive.org,ok
www.fun2crazy.net,host_not_found
www.funatoz.click,ok
www.funcystreamlive.com,host_not_found
www.funhdtv.com,ok
www.funjadu.com,ok
www.funmaza.in,timed_out
www.funtv4u.com,ok
www.fuq.com,timed_out
www.fusionmovie.com,timed_out
www.futbol-envivo.com,timed_out
www.futebolaovivo.net,ok
www.futuremaza.com,timed_out
www.fzmovies.in,ok
www.galsarchive.com,ok
www.gamovideo.com,ok
www.gay43.com,ok
www.gayboystube.com,ok
www.gayguatemala.com,ok
www.gaytube.com,ok
www.gentlemoms.com,timed_out
www.geo-super.live-cricket-streamng.co,host_not_found
www.gggay.com,ok
www.gingle.in,timed_out
www.gobeurettes.com,host_not_found
www.gokabyle.com,ok
www.gonzo.com,ok
www.gonzoxxxmovies.com,timed_out
www.goodgrannypics.com,host_not_found
www.gorgeousladies.net,host_not_found
www.gorrilavid.com,ok
www.gracefulmilf.com,ok
www.gracefulmom.com,ok
www.gracefulnudes.com,ok
www.grahaksewa.com,ok
www.grandmammapics.com,ok
www.grannyhairy.net,ok
www.grannypornpics.net,ok
www.gratishentai.net,ok
www.greatgrandmasti.in,ok
www.greatgrandmastitorrent.in,host_not_found
www.guide-asie.com,host_not_found
www.h2torrents.com,timed_out
www.hadithanswers.com,ok
www.hahasport.com,timed_out
www.hairy.com,timed_out
www.hairymaturegirls.com,ok
www.hairymilfpics.com,ok
www.haporntube.com,ok
www.hardcoreindiansex.net,ok
www.hardsextube.com,ok
www.hdcast.org,host_not_found
www.hdcastream.info,host_not_found
www.hdcric.com,ok
www.hdcric.in,timed_out
www.hdfoots.com,timed_out
www.hdfree.tv,ok
www.hdmovie1k.net,host_not_found
www.hdmovie25.com,ok
www.hdmovielinks.com,timed_out
www.hdmp3sonqs.com,host_not_found
www.hdroket.com,ok
www.hdsongsvilla.com,host_not_found
www.hdstreams.tv,ok
www.hdtorrentmovies.com,timed_out
www.hdwale.net,timed_out
www.heganporn.com,ok
www.hellohyderabad.com,ok
www.herbalviagraworld.com,ok
www.heypasteit.com,ok
www.hide.me,ok
www.hidemyass.com,ok
www.highlightstore.info,host_not_found
www.hindimp3.a2z3qp.com,host_not_found
www.hindimp30nline.com,host_not_found
www.hindimp3download.net,timed_out
www.hindisex.com,ok
www.hintfilmiizle.com,ok
www.hitcric.com,ok
www.hitcric.info,timed_out
www.hitmovierulz.com,ok
www.hitmoviesocean.com,host_not_found
www.hitpak.com,timed_out
www.hitsports.net,ok
www.hollybollycollection.com,host_not_found
www.home-madness.com,ok
www.hon3yhd.com,ok
www.horny-olders.com,ok
www.hornybook.com,host_not_found
www.hostingbulk.com,ok
www.hot-gifz.com,host_not_found
www.hotchicks.sexy,host_not_found
www.hotmomspics.com,ok
www.hotmomsporn.com,ok
www.hotnakedoldies.com,ok
www.hotnudematures.com,ok
www.hotsexyteensphotos.com,timed_out
www.hotstar.pk,ok
www.hpage.com,ok
www.hqlive.net,ok
www.hqlive.pw,host_not_found
www.hqmaturemovs.com,ok
www.hqoldies.com,ok
www.hugefiles.net,ok
www.hyat.mobi,host_not_found
www.ibrod.tv,ok
www.idealmilf.com,ok
www.idealwifes.com,ok
www.idesimela.com,ok
www.ifirstrow.eu,ok
www.iknowthatgirl.com,ok
www.imagefap.com,ok
www.imasti.info,ok
www.imasti.me,ok
www.imastisansar.co,host_not_found
www.imaturewomen.com,ok
www.imgmotion.com,ok
www.immodestmoms.com,timed_out
www.imomsex.com,ok
www.india4movie.net,ok
www.indiamp3.com,host_not_found
www.indian-angel-teens.com,ok
www.indian-free-sex.com,ok
www.indian-hardcore-movies.com,host_not_found
www.indian-sex-hoes.com,ok
www.indian-sex-movies.org,host_not_found
www.indian-sex-photos.net,ok
www.indianangels.net,ok
www.indianasfuckers.com,host_not_found
www.indianfreesexmovies.com,ok
www.indiangilma.com,ok
www.indiankahani.com,ok
www.indianpassion.com,timed_out
www.indianpornhub.com,timed_out
www.indianpornovid.com,host_not_found
www.indianpornvideos.com,ok
www.indianposing.com,timed_out
www.indianpronvideos.in,host_not_found
www.indianseduction.com,ok
www.indiansexpost.com,ok
www.indiansexstories.net,ok
www.indiansexuniversity.com,timed_out
www.indiansgoanal.org,timed_out
www.indianteens.org,timed_out
www.indianworldsex.com,ok
www.indianxclips.com,ok
www.indiapornmovies.com,ok
www.indienne-sexy.com,ok
www.indostreamix.com,ok
www.induna.com,ok
www.inmaza.com,timed_out
www.instamoviebox.com,host_not_found
www.ipage.com,timed_out
www.ipaste.eu,host_not_found
www.ipl-2014.acricket.com,timed_out
www.ipl-2014.live-cricket-streamng.com,host_not_found
www.iplstream.com,timed_out
www.iscindia.org,ok
www.isohunt.to,ok
www.isportstv.net,host_not_found
www.istreems.com,ok
www.itsmp3.com,timed_out
www.itvhdsport.com,host_not_found
www.iwtbxf.com,host_not_found
www.ixxx-tube.com,ok
www.ixxx.com,timed_out
www.ixxx.com.es,ok
www.ixxx.ws,ok
www.ja4all.com,ok
www.janjua.tv,ok
www.jatthd.net,host_not_found
www.jazztv.co,ok
www.jdworld.info,host_not_found
www.jeffdunhamfuckdoll.com,ok
www.jeodrive.com,ok
www.jeunette18.com,host_not_found
www.jeux-flash-sexy.com,timed_out
www.jizzhut.com,ok
www.jizzle.com,timed_out
www.join4films.net,timed_out
www.join4movies.info,ok
www.joncjg.blogspot.in,ok
www.juliepost.com,ok
www.jumbofilebox.com,ok
www.kanqiu.tv,ok
www.kasam10.top,host_not_found
www.kasamtv.com,timed_out
www.kaspermovie.gq,host_not_found
www.kaspermovie.me,ok
www.kaspermovie.net,host_not_found
www.kaspermovie.site,host_not_found
www.kaspermovies.com,ok
www.katestube.com,timed_out
www.kavkazvideo.com,timed_out
www.kbcast.com,host_not_found
www.kbps.tv,host_not_found
www.keezmovies.com,ok
www.khantv.com,ok
www.khantv.in,ok
www.khantv.info,ok
www.khantv.tv,ok
www.khatrimazahd.com,ok
www.khatrimazamovies.in,ok
www.khirad.info,host_not_found
www.kickass.com,ok
www.kilopics.com,ok
www.kingmovie2k.com,host_not_found
www.kingsizebreasts.com,ok
www.kingstreams.tv,ok
www.kingtvlive.com,ok
www.kink.com,ok
www.kissmaturesgo.com,ok
www.kproxy.com,ok
www.krazywap.ws,ok
www.kumkumbhagyashow.com,host_not_found
www.kundapra.com,host_not_found
www.kzpaoalworld.in,host_not_found
www.labatidora.net,timed_out
www.ladymom.com,ok
www.lastsexe.com,host_not_found
www.latestmoviesonline.pe.hu,host_not_found
www.layarlebar.info,ok
www.leche69.com,ok
www.lechecaliente.com,timed_out
www.ledauphine.com,timed_out
www.les-grosses.net,ok
www.lesbiennesxxx.com,ok
www.let-me-watch-this.com,ok
www.lewd-girls.com,timed_out
www.lewdmistress.com,host_not_found
www.liberteenage.com,ok
www.lilo.tv,ok
www.limetor.com,ok
www.limetor.net,ok
www.limetorrents.cc,ok
www.limetorrents.co,ok
www.limetorrents.in,host_not_found
www.linkedin.com,ok
www.linkembed.biz,ok
www.live.cricvid.tv,ok
www.livecricfun.com,ok
www.livecricketstream.in,ok
www.livecricketstreaming2015.com,ok
www.livecricwatch.com,host_not_found
www.liveflash.tv,ok
www.livefootballs.com,timed_out
www.livehqtv.com,ok
www.livejasmin.com,ok
www.liveleak.com,ok
www.liveonlinetv247.com,ok
www.liveonlinetv24x7.com,timed_out
www.liverealsport.com,host_not_found
www.livescores.pk,host_not_found
www.livesoccertv.com,ok
www.livesportstv.biz,host_not_found
www.livestream365.com,ok
www.livetv.sx,timed_out
www.livetvstreamin.com,timed_out
www.lndianfreetv.com,host_not_found
www.locasporfollar.com,host_not_found
www.lolfunda.com,host_not_found
www.look-tvs.com,ok
www.loupiote.com,ok
www.lovetamil.net,ok
www.lshunters.tv,ok
www.lushstories.com,ok
www.lustfuloldies.com,host_not_found
www.lyricsraoe.com,host_not_found
www.maaxhd.com,timed_out
www.madfortv.com,ok
www.madmamas.com,ok
www.maghrebinnes.xl.cx,ok
www.magnetdl.com,ok
www.majika.biz,host_not_found
www.malku.info,host_not_found
www.mamitatube.com,ok
www.manatelugumovies.net,ok
www.marocainenue.com,host_not_found
www.masalopeblack.com,host_not_found
www.mast.tv,ok
www.masteetv.com,ok
www.masteetv.me,host_not_found
www.mastirock.com,timed_out
www.mature-for-you.com,ok
www.mature-galleries.org,host_not_found
www.mature-library.com,ok
www.mature-orgasm.com,ok
www.mature.nl,ok
www.mature30-45.com,ok
www.matureal.com,ok
www.matureandgranny.com,ok
www.matureandyoung.com,ok
www.matureasspics.com,ok
www.maturebrothel.com,ok
www.maturecherry.net,ok
www.maturecool.com,ok
www.maturedaily.net,ok
www.matureguide.com,ok
www.maturehere.com,timed_out
www.maturehotsex.com,ok
www.matureintros.com,ok
www.matureladiespics.com,ok
www.matureland.net,ok
www.maturemompics.com,ok
www.maturemomsex.com,ok
www.maturemomsporn.com,ok
www.maturepicsarchive.com,ok
www.maturepornhere.com,ok
www.maturepornpics.com,ok
www.maturepornqueens.net,timed_out
www.maturesensations.com,ok
www.maturesladies.com,ok
www.maturetube.com,timed_out
www.maturexxxclipz.com,host_not_found
www.maturosexy.com,ok
www.mbxre.com,timed_out
www.mc-nudes.com,ok
www.mega-vids.com,ok
www.megaproxy.com,timed_out
www.megasharenow.com,timed_out
www.megatvonline.co,ok
www.megavideoporno.org,ok
www.mewaruniversityresult.org,host_not_found
www.milfbank.com,ok
www.milfionaire.com,ok
www.milfjam.com,ok
www.milfkiss.com,ok
www.milfmomspics.com,ok
www.milfmovs.com,timed_out
www.milfparanoia.com,ok
www.milfpicshere.com,ok
www.milfsarea.com,ok
www.milfsbeach.com,ok
www.milfsection.com,ok
www.milftubevids.com,timed_out
www.mips.tv,ok
www.mirchifun.info,ok
www.mirchifun.net,host_not_found
www.misstral.com,ok
www.mixhdmovies.com,ok
www.mixmovies4k.com,ok
www.mkvcinema.com,ok
www.mkvcinemas.co,ok
www.mkvcinemas.co.in,ok
www.mkvcinemas.com,ok
www.mkvcinemas.info,ok
www.mkvcinemas.me,ok
www.mkvcinemas.site,ok
www.mkvcinemas.xyz,host_not_found
www.mkvmovies.co,timed_out
www.mkvmoviesonline.com,host_not_found
www.mm1movie.com,ok
www.mmoviestream.com,host_not_found
www.mobclips.com,timed_out
www.mobiledeals.somee.com,host_not_found
www.mobilemaza.mobi,host_not_found
www.mobilemaza.net,timed_out
www.mobilemovies.me,host_not_found
www.mobilemoviescorner.com,ok
www.mobilesmovie.in,host_not_found
www.mobmp4.com,ok
www.momhandjob.com,ok
www.mommyxxxmovies.com,host_not_found
www.mompornxxx.com,ok
www.momsclan.com,ok
www.momsecstasy.com,ok
www.momsforporn.com,ok
www.momshere.com,ok
www.momsnightjob.com,ok
www.momstaboo.com,ok
www.moneylendinghourse.com,host_not_found
www.monova.org,host_not_found
www.mousefilm.review,host_not_found
www.movie-empires.com,host_not_found
www.movie-wap.com,timed_out
www.movie1k.pw,ok
www.movie2in.in,ok
www.movie4khd.com,timed_out
www.movie4mobile.co,host_not_found
www.movie4uk.com,host_not_found
www.moviearena.org,ok
www.moviearina.in,ok
www.movieash.in,host_not_found
www.moviebrazzers.info,ok
www.moviebuffs.org,ok
www.moviecinema.in,ok
www.moviedramaguide.top,ok
www.movieforumz.net,host_not_found
www.moviefry.net,ok
www.moviehdstream.net,timed_out
www.movielouders.com,host_not_found
www.moviemafia.in,ok
www.moviemafias.com,host_not_found
www.moviemasti24.com,host_not_found
www.moviemazza.in,ok
www.movieok.com,ok
www.movieort.net,ok
www.moviepanda.co.in,ok
www.movierulz.ac,ok
www.movierulz.ag,ok
www.movierulz.ch,ok
www.movierulz.cm,timed_out
www.movierulz.cx,ok
www.movierulz.is,host_not_found
www.movierulz.la,timed_out
www.movierulz.mn,ok
www.movierulz.to,host_not_found
www.movierulz.tv,ok
www.movierulz.xyz,timed_out
www.movierulz25.com,ok
www.movies-300mb.com,ok
www.movies-300mb.info,ok
www.movies-300mb.net,ok
www.movies2in.com,host_not_found
www.movies365.in,timed_out
www.movies500.com,ok
www.movies500.in,ok
www.movies8pm.net,host_not_found
www.movies900.com,ok
www.moviesall.pro,host_not_found
www.moviesape.com,host_not_found
www.moviesbazar4u.com,ok
www.moviesbeet.com,host_not_found
www.moviescounter.me,ok
www.moviesdon.com,ok
www.moviesdunia.in,ok
www.moviesfree4us.com,host_not_found
www.moviesglobe.com,timed_out
www.moviesgoldonline.pro,ok
www.movieshop24.info,timed_out
www.moviesiockz.com,host_not_found
www.movieska.in,timed_out
www.moviesking.net,ok
www.moviesky.in,ok
www.movieslogger.com,ok
www.moviesmag.in,timed_out
www.moviesmasalah.com,host_not_found
www.moviesmobile.net,ok
www.moviesonline4k.com,ok
